deal_id,target_demo,I_d,J_d,CPM_d,impressions,completion,shortfall
D987,P25-54,72,12,1.63,54.47,0.7565277777777778,17.53
D347,P25-54,74,13,1.66,54.47,0.7360810810810811,19.53
D307,P25-54,74,13,1.67,54.47,0.7360810810810811,19.53
D299,P25-54,74,12,1.68,54.47,0.7360810810810811,19.53
D059,P25-54,72,12,1.63,52.28,0.7261111111111112,19.72
D571,P25-54,72,10,1.62,52.07,0.7231944444444445,19.93
D507,P25-54,73,11,1.66,52.28,0.7161643835616438,20.72
D355,P25-54,73,13,1.64,52.28,0.7161643835616438,20.72
D363,P25-54,77,13,1.64,54.47,0.7074025974025974,22.53
D763,P25-54,74,10,1.67,52.28,0.7064864864864865,21.72
D219,P25-54,74,13,1.63,52.28,0.7064864864864865,21.72
D499,P25-54,74,13,1.65,52.07,0.7036486486486486,21.93
D803,P25-54,79,13,1.68,54.47,0.6894936708860759,24.53
D707,P25-54,76,11,1.64,52.07,0.6851315789473684,23.93
D635,P25-54,80,14,1.67,54.47,0.680875,25.53
D883,P25-54,77,13,1.68,52.28,0.678961038961039,24.72
D931,P25-54,77,12,1.66,52.28,0.678961038961039,24.72
D443,P25-54,77,11,1.66,52.07,0.6762337662337662,24.93
D659,P25-54,77,10,1.66,52.07,0.6762337662337662,24.93
D227,P25-54,81,10,1.65,54.47,0.6724691358024691,26.53
D051,P25-54,81,13,1.68,54.47,0.6724691358024691,26.53
D339,P25-54,78,14,1.64,52.07,0.6675641025641026,25.93
D907,P25-54,82,12,1.68,54.47,0.6642682926829269,27.53
D555,P25-54,83,13,1.66,54.47,0.6562650602409639,28.53
D083,P25-54,82,10,1.66,52.07,0.635,29.93
D811,P25-54,86,14,1.66,54.47,0.6333720930232558,31.53
D531,P25-54,83,14,1.64,52.28,0.6298795180722891,30.72
D891,P25-54,74,11,1.63,45.89,0.6201351351351352,28.11
D331,P25-54,84,12,1.65,52.07,0.6198809523809524,31.93
D867,P25-54,88,13,1.65,54.47,0.6189772727272728,33.53
D603,P25-54,85,11,1.63,52.28,0.6150588235294118,32.72
D899,P25-54,85,11,1.65,52.28,0.6150588235294118,32.72
D619,P25-54,85,14,1.66,52.28,0.6150588235294118,32.72
D971,P25-54,76,12,1.63,45.89,0.6038157894736842,30.11
D947,P25-54,87,12,1.66,52.28,0.600919540229885,34.72
D723,P25-54,87,11,1.65,52.07,0.5985057471264368,34.93
D691,P25-54,87,13,1.66,52.07,0.5985057471264368,34.93
D667,P25-54,77,10,1.62,45.89,0.5959740259740259,31.11
D163,P25-54,88,13,1.65,52.28,0.5940909090909091,35.72
D995,P25-54,79,13,1.62,45.89,0.5808860759493671,33.11
D851,P25-54,80,11,1.64,45.89,0.573625,34.11
D075,P25-54,82,12,1.64,45.89,0.5596341463414635,36.11
D611,P25-54,83,14,1.63,45.89,0.5528915662650602,37.11
D675,P25-54,73,13,1.62,40.1,0.5493150684931507,32.9
D747,P25-54,84,10,1.62,45.89,0.5463095238095238,38.11
D267,P25-54,74,12,1.59,40.1,0.5418918918918919,33.9
D043,P25-54,85,12,1.62,45.89,0.5398823529411765,39.11
D771,P25-54,86,10,1.63,45.89,0.5336046511627907,40.11
D371,P25-54,86,12,1.61,45.89,0.5336046511627907,40.11
D435,P25-54,86,10,1.63,45.89,0.5336046511627907,40.11
D403,P25-54,86,14,1.62,45.89,0.5336046511627907,40.11
D579,P25-54,76,11,1.62,40.1,0.5276315789473685,35.9
D131,P25-54,76,10,1.61,40.1,0.5276315789473685,35.9
D939,P25-54,77,10,1.61,40.1,0.5207792207792208,36.9
D091,P25-54,77,13,1.61,40.1,0.5207792207792208,36.9
D251,P25-54,77,12,1.61,40.1,0.5207792207792208,36.9
D491,P25-54,83,10,1.62,40.1,0.48313253012048196,42.9
D787,P25-54,86,13,1.61,40.1,0.4662790697674419,45.9
D859,P25-54,87,12,1.63,40.1,0.46091954022988507,46.9
D195,P25-54,72,10,1.59,32.84,0.45611111111111113,39.16
D651,P25-54,73,11,1.59,32.84,0.4498630136986302,40.16
D955,P25-54,74,14,1.6,32.84,0.4437837837837838,41.16
D875,P25-54,75,12,1.59,32.84,0.43786666666666674,42.16
D563,P25-54,75,11,1.61,32.84,0.43786666666666674,42.16
D467,P25-54,80,14,1.6,32.84,0.41050000000000003,47.16
D3,P25-54,80,12,1.6,32.84,0.41050000000000003,47.16
D501,M25-54,43,7,1.57,17.27,0.40162790697674416,25.73
D541,M25-54,44,7,1.57,17.27,0.3925,26.73
D643,P25-54,85,14,1.6,32.84,0.3863529411764706,52.16
D843,P25-54,85,12,1.6,32.84,0.3863529411764706,52.16
D203,P25-54,86,11,1.59,32.84,0.38186046511627914,53.16
D779,P25-54,86,13,1.59,32.84,0.38186046511627914,53.16
D107,P25-54,87,10,1.6,32.84,0.37747126436781614,54.16
D685,M25-54,47,7,1.57,17.27,0.36744680851063827,29.73
D179,P25-54,73,11,1.58,26.18,0.35863013698630136,46.82
D539,P25-54,74,11,1.58,26.18,0.3537837837837838,47.82
D243,P25-54,74,12,1.6,26.18,0.3537837837837838,47.82
D315,P25-54,76,14,1.59,26.18,0.3444736842105263,49.82
D147,P25-54,76,11,1.6,26.18,0.3444736842105263,49.82
D915,P25-54,77,12,1.58,26.18,0.33999999999999997,50.82
D139,P25-54,80,13,1.59,26.18,0.32725,53.82
D699,P25-54,81,12,1.59,26.18,0.3232098765432099,54.82
D395,P25-54,87,12,1.59,26.18,0.30091954022988504,60.82
D411,P25-54,88,11,1.59,26.18,0.2975,61.82
D461,M25-54,44,5,1.56,11.05,0.25113636363636366,32.95
D765,M25-54,45,5,1.57,11.05,0.24555555555555558,33.95
D629,M25-54,45,6,1.57,11.05,0.24555555555555558,33.95
D389,M25-54,46,6,1.57,11.05,0.24021739130434785,34.95
D741,M25-54,46,7,1.56,11.05,0.24021739130434785,34.95
D061,M25-54,46,7,1.57,11.05,0.24021739130434785,34.95
D211,P25-54,72,12,1.58,17.27,0.2398611111111111,54.730000000000004
D437,M25-54,47,5,1.57,11.05,0.2351063829787234,35.95
D379,P25-54,74,10,1.58,17.27,0.23337837837837838,56.730000000000004
D019,P25-54,75,12,1.58,17.27,0.23026666666666665,57.730000000000004
D187,P25-54,76,10,1.58,17.27,0.22723684210526315,58.730000000000004
D067,P25-54,83,10,1.58,17.27,0.2080722891566265,65.73
D835,P25-54,83,10,1.57,17.27,0.2080722891566265,65.73
D923,P25-54,84,12,1.58,17.27,0.20559523809523808,66.73
D669,M25-54,41,6,1.57,7.69,0.1875609756097561,33.31
D445,M25-54,42,7,1.56,7.69,0.18309523809523812,34.31
D917,M25-54,45,5,1.56,7.69,0.1708888888888889,37.31
D189,M25-54,47,6,1.56,7.69,0.16361702127659575,39.31
D853,M25-54,49,6,1.56,7.69,0.15693877551020408,41.31
D213,M25-54,41,6,1.54,6.21,0.15146341463414634,34.79
D813,M25-54,43,6,1.55,6.37,0.14813953488372092,36.63
D381,M25-54,42,6,1.54,6.22,0.14809523809523809,35.78
D493,M25-54,43,7,1.53,6.22,0.14465116279069767,36.78
D829,M25-54,43,7,1.55,6.22,0.14465116279069767,36.78
D317,M25-54,43,6,1.54,6.21,0.1444186046511628,36.79
D235,P25-54,77,11,1.58,11.05,0.14350649350649353,65.95
D349,M25-54,45,7,1.55,6.37,0.14155555555555555,38.63
D693,M25-54,45,6,1.54,6.37,0.14155555555555555,38.63
D805,M25-54,44,7,1.54,6.22,0.14136363636363636,37.78
D597,M25-54,44,6,1.54,6.21,0.14113636363636364,37.79
D877,M25-54,44,5,1.54,6.21,0.14113636363636364,37.79
D957,M25-54,41,7,1.5,5.7,0.13902439024390245,35.3
D125,M25-54,45,5,1.54,6.22,0.13822222222222222,38.78
D683,P25-54,80,12,1.57,11.05,0.138125,68.95
D069,M25-54,45,6,1.54,6.21,0.138,38.79
D677,M25-54,45,6,1.55,6.21,0.138,38.79
D515,P25-54,81,12,1.56,11.05,0.13641975308641976,69.95
D933,M25-54,42,5,1.5,5.7,0.13571428571428573,36.3
D261,M25-54,42,5,1.51,5.7,0.13571428571428573,36.3
D309,M25-54,47,5,1.53,6.37,0.13553191489361702,40.63
D269,M25-54,47,6,1.54,6.37,0.13553191489361702,40.63
D893,M25-54,46,5,1.55,6.22,0.13521739130434782,39.78
D789,M25-54,41,6,1.52,5.52,0.1346341463414634,35.480000000000004
D477,M25-54,41,7,1.49,5.52,0.1346341463414634,35.480000000000004
D405,M25-54,41,7,1.47,5.52,0.1346341463414634,35.480000000000004
D547,P25-54,83,10,1.57,11.05,0.13313253012048193,71.95
D229,M25-54,43,7,1.53,5.7,0.1325581395348837,37.3
D773,M25-54,43,6,1.52,5.7,0.1325581395348837,37.3
D861,M25-54,47,5,1.55,6.22,0.13234042553191488,40.78
D413,M25-54,41,6,1.51,5.36,0.13073170731707318,35.64
D533,M25-54,44,7,1.53,5.72,0.13,38.28
D717,M25-54,43,6,1.5,5.52,0.1283720930232558,37.480000000000004
D253,M25-54,43,7,1.46,5.52,0.1283720930232558,37.480000000000004
D525,M25-54,42,5,1.49,5.36,0.12761904761904763,36.64
D275,P25-54,87,12,1.56,11.05,0.12701149425287356,75.95
D781,M25-54,49,7,1.54,6.22,0.12693877551020408,42.78
D277,M25-54,49,5,1.55,6.21,0.126734693877551,42.79
D869,M25-54,43,6,1.51,5.36,0.12465116279069768,37.64
D133,M25-54,43,5,1.5,5.36,0.12465116279069768,37.64
D077,M25-54,46,5,1.53,5.72,0.12434782608695652,40.28
D5,M25-54,45,6,1.5,5.52,0.12266666666666666,39.480000000000004
D293,M25-54,45,6,1.47,5.52,0.12266666666666666,39.480000000000004
D909,M25-54,44,6,1.51,5.36,0.12181818181818183,38.64
D733,M25-54,44,6,1.5,5.36,0.12181818181818183,38.64
D605,M25-54,47,6,1.51,5.72,0.12170212765957446,41.28
D589,M25-54,47,6,1.53,5.72,0.12170212765957446,41.28
D021,M25-54,47,6,1.51,5.7,0.12127659574468086,41.3
D085,M25-54,47,7,1.52,5.7,0.12127659574468086,41.3
D045,M25-54,41,6,1.49,4.91,0.11975609756097562,36.09
D653,M25-54,41,5,1.47,4.91,0.11975609756097562,36.09
D517,M25-54,48,7,1.54,5.72,0.11916666666666666,42.28
D173,M25-54,48,5,1.52,5.7,0.11875000000000001,42.3
D037,M25-54,48,6,1.49,5.7,0.11875000000000001,42.3
D565,M25-54,47,7,1.49,5.52,0.1174468085106383,41.480000000000004
D757,M25-54,47,5,1.51,5.52,0.1174468085106383,41.480000000000004
D221,M25-54,42,5,1.48,4.91,0.11690476190476191,37.09
D357,M25-54,42,6,1.48,4.91,0.11690476190476191,37.09
D949,M25-54,46,6,1.52,5.36,0.11652173913043479,40.64
D965,M25-54,49,7,1.52,5.7,0.1163265306122449,43.3
D821,M25-54,42,5,1.48,4.84,0.11523809523809524,37.16
D341,M25-54,48,6,1.52,5.52,0.11499999999999999,42.480000000000004
D197,M25-54,41,6,1.48,4.64,0.11317073170731706,36.36
D885,M25-54,41,6,1.49,4.64,0.11317073170731706,36.36
D509,M25-54,41,7,1.46,4.56,0.11121951219512194,36.44
D469,M25-54,44,6,1.48,4.84,0.11,39.16
D621,M25-54,49,7,1.5,5.36,0.10938775510204082,43.64
D989,M25-54,45,7,1.49,4.91,0.10911111111111112,40.09
D141,M25-54,45,5,1.49,4.91,0.10911111111111112,40.09
D549,M25-54,45,5,1.47,4.84,0.10755555555555556,40.16
D645,M25-54,45,5,1.46,4.84,0.10755555555555556,40.16
D301,M25-54,46,7,1.49,4.91,0.10673913043478261,41.09
D573,M25-54,43,6,1.49,4.56,0.10604651162790697,38.44
D245,M25-54,44,5,1.47,4.64,0.10545454545454545,39.36
D661,M25-54,42,6,1.47,4.4,0.10476190476190476,37.6
D205,M25-54,47,7,1.49,4.91,0.10446808510638299,42.09
D013,M25-54,44,5,1.47,4.56,0.10363636363636362,39.44
D637,M25-54,44,5,1.47,4.56,0.10363636363636362,39.44
D429,M25-54,45,5,1.47,4.64,0.1031111111111111,40.36
D421,M25-54,45,5,1.46,4.64,0.1031111111111111,40.36
D797,M25-54,48,6,1.47,4.91,0.10229166666666667,43.09
D655,P25-54,45,8,1.46,4.56,0.10133333333333333,40.44
D183,P25-54,45,10,1.47,4.56,0.10133333333333333,40.44
D997,M25-54,45,5,1.48,4.56,0.10133333333333333,40.44
D323,P25-54,76,12,1.56,7.69,0.1011842105263158,68.31
D453,M25-54,46,5,1.48,4.64,0.1008695652173913,41.36
D373,M25-54,48,6,1.48,4.84,0.10083333333333333,43.16
D557,M25-54,49,5,1.48,4.91,0.10020408163265307,44.09
D237,M25-54,49,7,1.46,4.91,0.10020408163265307,44.09
D973,M25-54,49,5,1.51,4.91,0.10020408163265307,44.09
D613,M25-54,44,6,1.47,4.4,0.1,39.6
D725,M25-54,46,6,1.48,4.56,0.09913043478260869,41.44
D325,M25-54,46,6,1.46,4.56,0.09913043478260869,41.44
D845,M25-54,49,6,1.48,4.84,0.09877551020408162,44.16
D285,M25-54,49,6,1.47,4.84,0.09877551020408162,44.16
D053,M25-54,49,5,1.49,4.84,0.09877551020408162,44.16
D181,M25-54,49,7,1.48,4.84,0.09877551020408162,44.16
D171,P25-54,78,12,1.56,7.69,0.0985897435897436,70.31
D749,M25-54,45,7,1.46,4.4,0.09777777777777778,40.6
D333,M25-54,47,5,1.46,4.56,0.09702127659574468,42.44
D941,M25-54,46,7,1.45,4.4,0.09565217391304348,41.6
D925,M25-54,48,5,1.46,4.56,0.09499999999999999,43.44
D095,P25-54,51,7,1.47,4.84,0.09490196078431372,46.16
D071,P25-54,49,7,1.46,4.64,0.0946938775510204,44.36
D375,P25-54,50,8,1.47,4.64,0.0928,45.36
D103,P25-54,50,7,1.46,4.64,0.0928,45.36
D459,P25-54,83,11,1.56,7.69,0.09265060240963856,75.31
D979,P25-54,83,10,1.56,7.69,0.09265060240963856,75.31
D991,P25-54,48,7,1.46,4.4,0.09166666666666667,43.6
D963,P25-54,84,10,1.56,7.69,0.09154761904761906,76.31
D175,P25-54,51,7,1.47,4.64,0.09098039215686274,46.36
D143,P25-54,49,8,1.47,4.4,0.08979591836734695,44.6
D903,P25-54,52,9,1.46,4.64,0.08923076923076922,47.36
D451,P25-54,72,10,1.55,6.37,0.08847222222222223,65.63
D587,P25-54,87,10,1.56,7.69,0.08839080459770116,79.31
D687,P25-54,52,7,1.46,4.4,0.08461538461538462,47.6
D887,P25-54,54,8,1.47,4.56,0.08444444444444443,49.44
D671,P25-54,55,9,1.47,4.64,0.08436363636363636,50.36
D755,P25-54,74,11,1.53,6.21,0.08391891891891892,67.79
D155,P25-54,76,11,1.55,6.37,0.08381578947368422,69.63
D475,P25-54,75,10,1.53,6.22,0.08293333333333333,68.78
D871,P25-54,55,8,1.46,4.56,0.0829090909090909,50.44
D099,P25-54,77,10,1.56,6.22,0.08077922077922077,70.78
D035,P25-54,77,11,1.55,6.21,0.08064935064935065,70.79
D595,P25-54,77,12,1.55,6.21,0.08064935064935065,70.79
D739,P25-54,79,13,1.56,6.37,0.08063291139240507,72.63
D031,P25-54,55,9,1.45,4.4,0.08,50.6
D827,P25-54,80,12,1.54,6.37,0.079625,73.63
D115,P25-54,80,14,1.56,6.37,0.079625,73.63
D795,P25-54,79,14,1.55,6.21,0.07860759493670887,72.79
D011,P25-54,80,10,1.56,6.21,0.077625,73.79
D123,P25-54,83,13,1.54,6.37,0.07674698795180723,76.63
D259,P25-54,73,12,1.53,5.52,0.07561643835616438,67.48
D427,P25-54,78,13,1.53,5.7,0.07307692307692308,72.3
D291,P25-54,76,10,1.52,5.52,0.07263157894736842,70.48
D027,P25-54,79,10,1.53,5.72,0.07240506329113924,73.28
D419,P25-54,87,13,1.54,6.22,0.07149425287356322,80.78
D627,P25-54,82,13,1.53,5.72,0.0697560975609756,76.28
D387,P25-54,84,11,1.53,5.72,0.0680952380952381,78.28
D523,P25-54,84,14,1.53,5.7,0.06785714285714287,78.3
D483,P25-54,86,13,1.54,5.72,0.06651162790697675,80.28
D715,P25-54,81,14,1.52,5.36,0.06617283950617284,75.64
D731,P25-54,87,10,1.54,5.72,0.0657471264367816,81.28
D819,P25-54,86,11,1.52,5.36,0.06232558139534884,80.64
D697,F18-34,55,12,1.29,0.0,0.0,55.0
D593,F18-34,55,9,1.24,0.0,0.0,55.0
D592,M25-54,32,4,1.31,0.0,0.0,32.0
D696,M25-54,34,4,1.25,0.0,0.0,34.0
D983,P25-54,51,8,1.35,0.0,0.0,51.0
D654,F18-34,31,6,1.0,0.0,0.0,31.0
D698,M25-54,55,9,1.07,0.0,0.0,55.0
D591,P25-54,51,7,1.39,0.0,0.0,51.0
D590,F18-34,28,5,1.04,0.0,0.0,28.0
D700,F18-34,37,7,1.15,0.0,0.0,37.0
D588,F18-34,40,6,1.15,0.0,0.0,40.0
D701,M25-54,43,6,1.45,0.0,0.0,43.0
D594,M25-54,51,8,1.06,0.0,0.0,51.0
D695,P25-54,46,9,1.45,0.0,0.0,46.0
D596,F18-34,37,6,1.25,0.0,0.0,37.0
D598,F18-34,32,5,1.04,0.0,0.0,32.0
D703,P25-54,54,7,1.35,0.0,0.0,54.0
D694,F18-34,32,5,0.96,0.0,0.0,32.0
D599,P25-54,50,7,1.42,0.0,0.0,50.0
D692,F18-34,42,7,1.14,0.0,0.0,42.0
D600,M25-54,35,6,1.27,0.0,0.0,35.0
D601,F18-34,62,8,1.28,0.0,0.0,62.0
D602,M25-54,53,7,1.14,0.0,0.0,53.0
D996,F18-34,40,6,1.23,0.0,0.0,40.0
D984,M25-54,32,6,1.29,0.0,0.0,32.0
D604,F18-34,43,7,1.18,0.0,0.0,43.0
D690,M25-54,60,9,1.14,0.0,0.0,60.0
D606,F18-34,31,5,1.02,0.0,0.0,31.0
D702,F18-34,33,5,1.04,0.0,0.0,33.0
D704,M25-54,38,5,1.32,0.0,0.0,38.0
D586,M25-54,54,9,1.09,0.0,0.0,54.0
D689,F18-34,58,10,1.26,0.0,0.0,58.0
D719,P25-54,55,8,1.44,0.0,0.0,55.0
D572,F18-34,37,6,1.21,0.0,0.0,37.0
D718,F18-34,33,6,1.04,0.0,0.0,33.0
D574,F18-34,32,5,0.98,0.0,0.0,32.0
D999,P25-54,52,8,1.39,0.0,0.0,52.0
D716,F18-34,42,7,1.2,0.0,0.0,42.0
D575,P25-54,55,7,1.42,0.0,0.0,55.0
D576,M25-54,36,5,1.33,0.0,0.0,36.0
D714,M25-54,55,9,1.07,0.0,0.0,55.0
D713,F18-34,61,8,1.29,0.0,0.0,61.0
D712,M25-54,34,4,1.32,0.0,0.0,34.0
D577,F18-34,63,10,1.28,0.0,0.0,63.0
D578,M25-54,51,9,1.15,0.0,0.0,51.0
D580,F18-34,42,8,1.23,0.0,0.0,42.0
D711,P25-54,53,7,1.43,0.0,0.0,53.0
D710,F18-34,32,5,0.98,0.0,0.0,32.0
D709,M25-54,42,6,1.47,0.0,0.0,42.0
D998,F18-34,32,4,0.98,0.0,0.0,32.0
D581,M25-54,47,6,1.43,0.0,0.0,47.0
D582,F18-34,30,5,0.98,0.0,0.0,30.0
D583,P25-54,47,8,1.41,0.0,0.0,47.0
D708,F18-34,40,8,1.17,0.0,0.0,40.0
D584,M25-54,32,6,1.33,0.0,0.0,32.0
D982,F18-34,29,5,0.98,0.0,0.0,29.0
D706,M25-54,53,7,1.05,0.0,0.0,53.0
D705,F18-34,64,9,1.31,0.0,0.0,64.0
D585,F18-34,57,9,1.26,0.0,0.0,57.0
D607,P25-54,50,8,1.37,0.0,0.0,50.0
D608,M25-54,37,4,1.3,0.0,0.0,37.0
D688,M25-54,35,5,1.29,0.0,0.0,35.0
D663,P25-54,53,7,1.41,0.0,0.0,53.0
D631,P25-54,54,9,1.35,0.0,0.0,54.0
D670,F18-34,29,5,0.99,0.0,0.0,29.0
D632,M25-54,32,4,1.35,0.0,0.0,32.0
D633,F18-34,59,11,1.35,0.0,0.0,59.0
D668,F18-34,37,7,1.2,0.0,0.0,37.0
D634,M25-54,60,8,1.08,0.0,0.0,60.0
D636,F18-34,39,7,1.24,0.0,0.0,39.0
D666,M25-54,51,7,1.05,0.0,0.0,51.0
D638,F18-34,30,4,1.03,0.0,0.0,30.0
D639,P25-54,52,9,1.43,0.0,0.0,52.0
D665,F18-34,64,11,1.36,0.0,0.0,64.0
D640,M25-54,35,4,1.27,0.0,0.0,35.0
D664,M25-54,38,4,1.26,0.0,0.0,38.0
D662,F18-34,33,6,0.98,0.0,0.0,33.0
D992,M25-54,32,6,1.32,0.0,0.0,32.0
D641,F18-34,65,11,1.25,0.0,0.0,65.0
D642,M25-54,55,9,1.13,0.0,0.0,55.0
D644,F18-34,41,6,1.22,0.0,0.0,41.0
D660,F18-34,38,6,1.18,0.0,0.0,38.0
D647,P25-54,49,9,1.36,0.0,0.0,49.0
D648,M25-54,32,4,1.33,0.0,0.0,32.0
D990,F18-34,29,5,1.05,0.0,0.0,29.0
D988,F18-34,40,6,1.18,0.0,0.0,40.0
D658,M25-54,54,8,1.08,0.0,0.0,54.0
D657,F18-34,61,8,1.36,0.0,0.0,61.0
D649,F18-34,55,10,1.3,0.0,0.0,55.0
D656,M25-54,32,5,1.24,0.0,0.0,32.0
D650,M25-54,54,8,1.1,0.0,0.0,54.0
D630,F18-34,28,4,0.98,0.0,0.0,28.0
D628,F18-34,37,6,1.25,0.0,0.0,37.0
D652,F18-34,37,7,1.18,0.0,0.0,37.0
D993,F18-34,65,9,1.35,0.0,0.0,65.0
D609,F18-34,60,8,1.34,0.0,0.0,60.0
D686,F18-34,33,4,0.95,0.0,0.0,33.0
D610,M25-54,56,7,1.14,0.0,0.0,56.0
D994,M25-54,50,9,1.08,0.0,0.0,50.0
D612,F18-34,40,8,1.18,0.0,0.0,40.0
D684,F18-34,36,6,1.15,0.0,0.0,36.0
D614,F18-34,33,5,1.0,0.0,0.0,33.0
D615,P25-54,49,7,1.36,0.0,0.0,49.0
D682,M25-54,51,7,1.15,0.0,0.0,51.0
D616,M25-54,38,5,1.3,0.0,0.0,38.0
D681,F18-34,59,9,1.31,0.0,0.0,59.0
D617,F18-34,61,11,1.28,0.0,0.0,61.0
D618,M25-54,53,8,1.1,0.0,0.0,53.0
D680,M25-54,37,6,1.29,0.0,0.0,37.0
D672,M25-54,34,5,1.24,0.0,0.0,34.0
D679,P25-54,54,9,1.34,0.0,0.0,54.0
D620,F18-34,42,7,1.16,0.0,0.0,42.0
D678,F18-34,28,5,1.03,0.0,0.0,28.0
D622,F18-34,32,6,0.98,0.0,0.0,32.0
D623,P25-54,51,9,1.36,0.0,0.0,51.0
D624,M25-54,33,6,1.35,0.0,0.0,33.0
D676,F18-34,42,8,1.22,0.0,0.0,42.0
D625,F18-34,55,10,1.32,0.0,0.0,55.0
D985,F18-34,56,8,1.29,0.0,0.0,56.0
D674,M25-54,54,7,1.15,0.0,0.0,54.0
D673,F18-34,55,12,1.31,0.0,0.0,55.0
D986,M25-54,59,7,1.15,0.0,0.0,59.0
D626,M25-54,57,8,1.11,0.0,0.0,57.0
D646,F18-34,31,4,0.98,0.0,0.0,31.0
D951,P25-54,52,7,1.4,0.0,0.0,52.0
D720,M25-54,38,4,1.33,0.0,0.0,38.0
D864,M25-54,37,5,1.27,0.0,0.0,37.0
D866,M25-54,54,9,1.11,0.0,0.0,54.0
D868,F18-34,37,7,1.17,0.0,0.0,37.0
D870,F18-34,29,5,0.99,0.0,0.0,29.0
D872,M25-54,38,5,1.36,0.0,0.0,38.0
D873,F18-34,66,11,1.33,0.0,0.0,66.0
D874,M25-54,52,7,1.05,0.0,0.0,52.0
D876,F18-34,42,6,1.21,0.0,0.0,42.0
D962,M25-54,55,9,1.14,0.0,0.0,55.0
D878,F18-34,29,5,0.98,0.0,0.0,29.0
D879,P25-54,51,7,1.34,0.0,0.0,51.0
D880,M25-54,36,5,1.32,0.0,0.0,36.0
D881,F18-34,55,11,1.24,0.0,0.0,55.0
D882,M25-54,60,9,1.13,0.0,0.0,60.0
D961,F18-34,62,11,1.3,0.0,0.0,62.0
D884,F18-34,42,7,1.14,0.0,0.0,42.0
D886,F18-34,30,4,0.98,0.0,0.0,30.0
D888,M25-54,33,5,1.32,0.0,0.0,33.0
D889,F18-34,62,11,1.33,0.0,0.0,62.0
D890,M25-54,58,7,1.05,0.0,0.0,58.0
D960,M25-54,36,5,1.35,0.0,0.0,36.0
D892,F18-34,40,8,1.21,0.0,0.0,40.0
D865,F18-34,59,10,1.26,0.0,0.0,59.0
D863,P25-54,47,8,1.33,0.0,0.0,47.0
D721,F18-34,61,9,1.32,0.0,0.0,61.0
D862,F18-34,29,5,1.01,0.0,0.0,29.0
D837,M25-54,48,6,1.43,0.0,0.0,48.0
D838,F18-34,32,4,0.97,0.0,0.0,32.0
D839,P25-54,45,8,1.43,0.0,0.0,45.0
D840,M25-54,38,5,1.25,0.0,0.0,38.0
D841,F18-34,65,8,1.26,0.0,0.0,65.0
D842,M25-54,52,9,1.09,0.0,0.0,52.0
D844,F18-34,42,6,1.17,0.0,0.0,42.0
D846,F18-34,31,5,1.02,0.0,0.0,31.0
D847,P25-54,50,8,1.36,0.0,0.0,50.0
D848,M25-54,35,6,1.35,0.0,0.0,35.0
D849,F18-34,54,9,1.27,0.0,0.0,54.0
D850,M25-54,53,7,1.08,0.0,0.0,53.0
D966,F18-34,31,6,0.96,0.0,0.0,31.0
D852,F18-34,36,8,1.16,0.0,0.0,36.0
D854,F18-34,30,5,1.01,0.0,0.0,30.0
D855,P25-54,47,8,1.41,0.0,0.0,47.0
D856,M25-54,32,6,1.29,0.0,0.0,32.0
D857,F18-34,60,11,1.35,0.0,0.0,60.0
D858,M25-54,51,7,1.06,0.0,0.0,51.0
D964,F18-34,41,7,1.25,0.0,0.0,41.0
D860,F18-34,37,8,1.16,0.0,0.0,37.0
D894,F18-34,32,6,1.04,0.0,0.0,32.0
D895,P25-54,49,8,1.4,0.0,0.0,49.0
D896,M25-54,34,5,1.32,0.0,0.0,34.0
D897,F18-34,61,9,1.33,0.0,0.0,61.0
D928,M25-54,38,5,1.35,0.0,0.0,38.0
D929,F18-34,61,9,1.35,0.0,0.0,61.0
D930,M25-54,53,9,1.1,0.0,0.0,53.0
D932,F18-34,38,6,1.25,0.0,0.0,38.0
D934,F18-34,32,6,0.97,0.0,0.0,32.0
D956,F18-34,42,6,1.23,0.0,0.0,42.0
D935,P25-54,47,10,1.41,0.0,0.0,47.0
D936,M25-54,38,5,1.27,0.0,0.0,38.0
D937,F18-34,65,9,1.27,0.0,0.0,65.0
D938,M25-54,54,7,1.06,0.0,0.0,54.0
D954,M25-54,59,7,1.06,0.0,0.0,59.0
D940,F18-34,42,7,1.15,0.0,0.0,42.0
D953,F18-34,55,11,1.3,0.0,0.0,55.0
D942,F18-34,30,6,1.03,0.0,0.0,30.0
D943,P25-54,50,7,1.35,0.0,0.0,50.0
D944,M25-54,32,4,1.3,0.0,0.0,32.0
D945,F18-34,60,9,1.29,0.0,0.0,60.0
D946,M25-54,54,9,1.15,0.0,0.0,54.0
D952,M25-54,34,5,1.29,0.0,0.0,34.0
D948,F18-34,41,6,1.15,0.0,0.0,41.0
D950,F18-34,30,5,1.02,0.0,0.0,30.0
D927,P25-54,48,9,1.41,0.0,0.0,48.0
D926,F18-34,29,6,1.04,0.0,0.0,29.0
D924,F18-34,40,7,1.23,0.0,0.0,40.0
D908,F18-34,40,6,1.15,0.0,0.0,40.0
D898,M25-54,50,7,1.09,0.0,0.0,50.0
D959,P25-54,47,8,1.44,0.0,0.0,47.0
D900,F18-34,41,8,1.18,0.0,0.0,41.0
D901,M25-54,49,6,1.44,0.0,0.0,49.0
D902,F18-34,32,5,1.03,0.0,0.0,32.0
D958,F18-34,33,5,1.01,0.0,0.0,33.0
D904,M25-54,36,6,1.24,0.0,0.0,36.0
D905,F18-34,64,11,1.36,0.0,0.0,64.0
D906,M25-54,58,8,1.13,0.0,0.0,58.0
D910,F18-34,27,5,1.05,0.0,0.0,27.0
D922,M25-54,55,7,1.09,0.0,0.0,55.0
D911,P25-54,53,9,1.4,0.0,0.0,53.0
D912,M25-54,38,4,1.34,0.0,0.0,38.0
D913,F18-34,63,10,1.3,0.0,0.0,63.0
D914,M25-54,51,6,1.08,0.0,0.0,51.0
D916,F18-34,43,6,1.24,0.0,0.0,43.0
D918,F18-34,30,4,1.04,0.0,0.0,30.0
D919,P25-54,48,8,1.43,0.0,0.0,48.0
D920,M25-54,37,5,1.34,0.0,0.0,37.0
D921,F18-34,63,9,1.31,0.0,0.0,63.0
D967,P25-54,48,6,1.42,0.0,0.0,48.0
D836,F18-34,37,8,1.23,0.0,0.0,37.0
D834,M25-54,51,8,1.11,0.0,0.0,51.0
D776,M25-54,33,4,1.27,0.0,0.0,33.0
D750,F18-34,28,5,0.95,0.0,0.0,28.0
D751,P25-54,49,8,1.34,0.0,0.0,49.0
D976,M25-54,36,6,1.32,0.0,0.0,36.0
D752,M25-54,38,5,1.31,0.0,0.0,38.0
D753,F18-34,55,12,1.26,0.0,0.0,55.0
D754,M25-54,55,7,1.06,0.0,0.0,55.0
D756,F18-34,40,7,1.16,0.0,0.0,40.0
D758,F18-34,32,5,0.95,0.0,0.0,32.0
D759,P25-54,46,7,1.35,0.0,0.0,46.0
D760,M25-54,35,6,1.28,0.0,0.0,35.0
D761,F18-34,63,9,1.36,0.0,0.0,63.0
D764,F18-34,42,6,1.21,0.0,0.0,42.0
D766,F18-34,28,5,0.99,0.0,0.0,28.0
D767,P25-54,50,10,1.44,0.0,0.0,50.0
D768,M25-54,33,5,1.3,0.0,0.0,33.0
D769,F18-34,57,10,1.27,0.0,0.0,57.0
D975,P25-54,52,8,1.37,0.0,0.0,52.0
D770,M25-54,58,7,1.06,0.0,0.0,58.0
D772,F18-34,43,8,1.25,0.0,0.0,43.0
D774,F18-34,28,6,1.02,0.0,0.0,28.0
D775,P25-54,52,8,1.4,0.0,0.0,52.0
D748,F18-34,37,6,1.14,0.0,0.0,37.0
D977,F18-34,57,11,1.36,0.0,0.0,57.0
D746,M25-54,56,8,1.09,0.0,0.0,56.0
D732,F18-34,37,8,1.15,0.0,0.0,37.0
D722,M25-54,57,8,1.05,0.0,0.0,57.0
D981,M25-54,44,7,1.45,0.0,0.0,44.0
D724,F18-34,37,7,1.15,0.0,0.0,37.0
D726,F18-34,31,5,0.96,0.0,0.0,31.0
D727,P25-54,45,7,1.38,0.0,0.0,45.0
D980,F18-34,39,8,1.19,0.0,0.0,39.0
D728,M25-54,38,5,1.34,0.0,0.0,38.0
D729,F18-34,62,11,1.32,0.0,0.0,62.0
D730,M25-54,52,9,1.09,0.0,0.0,52.0
D734,F18-34,29,6,1.0,0.0,0.0,29.0
D978,M25-54,52,8,1.1,0.0,0.0,52.0
D735,P25-54,47,8,1.35,0.0,0.0,47.0
D736,M25-54,36,4,1.35,0.0,0.0,36.0
D737,F18-34,55,9,1.26,0.0,0.0,55.0
D738,M25-54,56,8,1.09,0.0,0.0,56.0
D740,F18-34,39,6,1.16,0.0,0.0,39.0
D742,F18-34,33,4,1.02,0.0,0.0,33.0
D743,P25-54,46,9,1.45,0.0,0.0,46.0
D744,M25-54,35,6,1.3,0.0,0.0,35.0
D745,F18-34,60,9,1.34,0.0,0.0,60.0
D974,F18-34,33,5,0.98,0.0,0.0,33.0
D777,F18-34,54,10,1.26,0.0,0.0,54.0
D833,F18-34,58,9,1.36,0.0,0.0,58.0
D778,M25-54,60,7,1.08,0.0,0.0,60.0
D808,M25-54,35,5,1.25,0.0,0.0,35.0
D809,F18-34,57,10,1.3,0.0,0.0,57.0
D810,M25-54,55,8,1.09,0.0,0.0,55.0
D969,F18-34,56,11,1.28,0.0,0.0,56.0
D812,F18-34,38,7,1.23,0.0,0.0,38.0
D814,F18-34,31,5,0.96,0.0,0.0,31.0
D815,P25-54,46,9,1.41,0.0,0.0,46.0
D816,M25-54,33,4,1.27,0.0,0.0,33.0
D817,F18-34,61,9,1.32,0.0,0.0,61.0
D818,M25-54,51,8,1.06,0.0,0.0,51.0
D820,F18-34,42,6,1.19,0.0,0.0,42.0
D822,F18-34,29,5,0.98,0.0,0.0,29.0
D823,P25-54,49,6,1.4,0.0,0.0,49.0
D824,M25-54,36,6,1.33,0.0,0.0,36.0
D825,F18-34,55,9,1.33,0.0,0.0,55.0
D826,M25-54,57,7,1.05,0.0,0.0,57.0
D828,F18-34,38,7,1.23,0.0,0.0,38.0
D830,F18-34,28,6,0.96,0.0,0.0,28.0
D968,M25-54,38,4,1.25,0.0,0.0,38.0
D831,P25-54,49,7,1.38,0.0,0.0,49.0
D832,M25-54,33,6,1.34,0.0,0.0,33.0
D807,P25-54,51,8,1.37,0.0,0.0,51.0
D806,F18-34,27,5,1.05,0.0,0.0,27.0
D804,F18-34,38,8,1.17,0.0,0.0,38.0
D791,P25-54,48,7,1.34,0.0,0.0,48.0
D780,F18-34,42,7,1.16,0.0,0.0,42.0
D782,F18-34,29,5,0.96,0.0,0.0,29.0
D783,P25-54,45,9,1.39,0.0,0.0,45.0
D784,M25-54,33,6,1.3,0.0,0.0,33.0
D785,F18-34,62,8,1.29,0.0,0.0,62.0
D786,M25-54,54,7,1.06,0.0,0.0,54.0
D570,M25-54,54,8,1.07,0.0,0.0,54.0
D788,F18-34,38,7,1.19,0.0,0.0,38.0
D790,F18-34,33,6,0.96,0.0,0.0,33.0
D792,M25-54,35,4,1.24,0.0,0.0,35.0
D970,M25-54,52,8,1.07,0.0,0.0,52.0
D793,F18-34,62,12,1.34,0.0,0.0,62.0
D794,M25-54,50,7,1.05,0.0,0.0,50.0
D796,F18-34,42,7,1.2,0.0,0.0,42.0
D798,F18-34,31,4,0.96,0.0,0.0,31.0
D799,P25-54,49,8,1.37,0.0,0.0,49.0
D800,M25-54,33,6,1.29,0.0,0.0,33.0
D972,F18-34,38,7,1.14,0.0,0.0,38.0
D801,F18-34,58,11,1.34,0.0,0.0,58.0
D802,M25-54,57,9,1.06,0.0,0.0,57.0
D762,M25-54,54,7,1.07,0.0,0.0,54.0
D1,F18-34,60,10,1.3,0.0,0.0,60.0
D569,F18-34,58,8,1.32,0.0,0.0,58.0
D178,M25-54,54,8,1.1,0.0,0.0,54.0
D182,F18-34,28,5,0.98,0.0,0.0,28.0
D184,M25-54,35,5,1.32,0.0,0.0,35.0
D185,F18-34,65,10,1.31,0.0,0.0,65.0
D186,M25-54,52,7,1.1,0.0,0.0,52.0
D188,F18-34,42,6,1.24,0.0,0.0,42.0
D190,F18-34,27,4,1.04,0.0,0.0,27.0
D191,P25-54,54,7,1.44,0.0,0.0,54.0
D192,M25-54,32,4,1.25,0.0,0.0,32.0
D193,F18-34,58,10,1.35,0.0,0.0,58.0
D194,M25-54,54,7,1.07,0.0,0.0,54.0
D196,F18-34,40,6,1.19,0.0,0.0,40.0
D198,F18-34,28,5,0.97,0.0,0.0,28.0
D199,P25-54,48,7,1.44,0.0,0.0,48.0
D200,M25-54,33,6,1.29,0.0,0.0,33.0
D201,F18-34,56,11,1.33,0.0,0.0,56.0
D202,M25-54,59,7,1.13,0.0,0.0,59.0
D204,F18-34,41,6,1.24,0.0,0.0,41.0
D206,F18-34,30,4,0.98,0.0,0.0,30.0
D207,P25-54,52,9,1.35,0.0,0.0,52.0
D208,M25-54,32,4,1.29,0.0,0.0,32.0
D209,F18-34,64,9,1.3,0.0,0.0,64.0
D210,M25-54,55,9,1.06,0.0,0.0,55.0
D212,F18-34,38,8,1.22,0.0,0.0,38.0
D180,F18-34,44,8,1.21,0.0,0.0,44.0
D177,F18-34,54,11,1.25,0.0,0.0,54.0
D215,P25-54,45,9,1.41,0.0,0.0,45.0
D176,M25-54,35,5,1.35,0.0,0.0,35.0
D148,F18-34,40,7,1.15,0.0,0.0,40.0
D149,M25-54,46,7,1.56,0.0,0.0,46.0
D150,F18-34,33,6,1.05,0.0,0.0,33.0
D151,P25-54,45,9,1.37,0.0,0.0,45.0
D152,M25-54,34,5,1.36,0.0,0.0,34.0
D153,F18-34,61,9,1.28,0.0,0.0,61.0
D154,M25-54,59,9,1.06,0.0,0.0,59.0
D156,F18-34,41,6,1.21,0.0,0.0,41.0
D157,M25-54,49,7,1.44,0.0,0.0,49.0
D158,F18-34,28,5,1.01,0.0,0.0,28.0
D159,P25-54,49,7,1.38,0.0,0.0,49.0
D160,M25-54,33,6,1.33,0.0,0.0,33.0
D161,F18-34,59,11,1.3,0.0,0.0,59.0
D162,M25-54,55,8,1.1,0.0,0.0,55.0
D164,F18-34,37,7,1.18,0.0,0.0,37.0
D165,M25-54,41,6,1.44,0.0,0.0,41.0
D166,F18-34,28,6,1.02,0.0,0.0,28.0
D167,P25-54,52,7,1.35,0.0,0.0,52.0
D168,M25-54,32,4,1.25,0.0,0.0,32.0
D169,F18-34,66,12,1.26,0.0,0.0,66.0
D170,M25-54,52,9,1.11,0.0,0.0,52.0
D172,F18-34,41,8,1.2,0.0,0.0,41.0
D174,F18-34,33,4,1.0,0.0,0.0,33.0
D214,F18-34,32,4,1.03,0.0,0.0,32.0
D216,M25-54,38,5,1.24,0.0,0.0,38.0
D145,F18-34,57,9,1.31,0.0,0.0,57.0
D252,F18-34,37,7,1.26,0.0,0.0,37.0
D255,P25-54,52,9,1.43,0.0,0.0,52.0
D256,M25-54,37,6,1.28,0.0,0.0,37.0
D257,F18-34,64,10,1.27,0.0,0.0,64.0
D258,M25-54,51,9,1.12,0.0,0.0,51.0
D260,F18-34,39,7,1.22,0.0,0.0,39.0
D262,F18-34,32,6,0.99,0.0,0.0,32.0
D263,P25-54,51,9,1.45,0.0,0.0,51.0
D264,M25-54,35,6,1.28,0.0,0.0,35.0
D265,F18-34,57,9,1.33,0.0,0.0,57.0
D266,M25-54,59,8,1.12,0.0,0.0,59.0
D268,F18-34,39,6,1.21,0.0,0.0,39.0
D270,F18-34,30,6,1.01,0.0,0.0,30.0
D271,P25-54,54,8,1.43,0.0,0.0,54.0
D272,M25-54,33,4,1.36,0.0,0.0,33.0
D273,F18-34,58,8,1.32,0.0,0.0,58.0
D274,M25-54,60,9,1.15,0.0,0.0,60.0
D276,F18-34,37,6,1.22,0.0,0.0,37.0
D278,F18-34,32,5,0.96,0.0,0.0,32.0
D279,P25-54,46,9,1.42,0.0,0.0,46.0
D280,M25-54,34,5,1.24,0.0,0.0,34.0
D281,F18-34,66,11,1.36,0.0,0.0,66.0
D282,M25-54,58,8,1.14,0.0,0.0,58.0
D283,P25-54,75,13,1.56,0.0,0.0,75.0
D254,F18-34,30,5,1.01,0.0,0.0,30.0
D250,M25-54,55,9,1.07,0.0,0.0,55.0
D217,F18-34,62,9,1.34,0.0,0.0,62.0
D249,F18-34,57,11,1.25,0.0,0.0,57.0
D218,M25-54,50,7,1.12,0.0,0.0,50.0
D220,F18-34,42,8,1.19,0.0,0.0,42.0
D222,F18-34,27,5,0.96,0.0,0.0,27.0
D223,P25-54,46,9,1.44,0.0,0.0,46.0
D224,M25-54,33,5,1.34,0.0,0.0,33.0
D225,F18-34,61,9,1.29,0.0,0.0,61.0
D226,M25-54,59,6,1.15,0.0,0.0,59.0
D228,F18-34,37,7,1.21,0.0,0.0,37.0
D230,F18-34,28,4,0.96,0.0,0.0,28.0
D231,P25-54,51,7,1.41,0.0,0.0,51.0
D232,M25-54,37,6,1.25,0.0,0.0,37.0
D233,F18-34,58,10,1.28,0.0,0.0,58.0
D234,M25-54,54,8,1.13,0.0,0.0,54.0
D236,F18-34,37,7,1.19,0.0,0.0,37.0
D238,F18-34,28,6,1.01,0.0,0.0,28.0
D239,P25-54,45,8,1.39,0.0,0.0,45.0
D240,M25-54,37,5,1.35,0.0,0.0,37.0
D241,F18-34,62,12,1.27,0.0,0.0,62.0
D242,M25-54,53,7,1.14,0.0,0.0,53.0
D244,F18-34,43,7,1.16,0.0,0.0,43.0
D246,F18-34,31,4,1.05,0.0,0.0,31.0
D247,P25-54,50,7,1.45,0.0,0.0,50.0
D248,M25-54,32,5,1.36,0.0,0.0,32.0
D146,M25-54,58,9,1.15,0.0,0.0,58.0
D144,M25-54,32,6,1.35,0.0,0.0,32.0
D286,F18-34,29,4,1.01,0.0,0.0,29.0
D038,F18-34,32,6,1.02,0.0,0.0,32.0
D040,M25-54,38,5,1.3,0.0,0.0,38.0
D041,F18-34,64,11,1.25,0.0,0.0,64.0
D042,M25-54,57,7,1.08,0.0,0.0,57.0
D044,F18-34,42,8,1.23,0.0,0.0,42.0
D046,F18-34,27,5,1.01,0.0,0.0,27.0
D047,P25-54,53,9,1.35,0.0,0.0,53.0
D048,M25-54,33,5,1.25,0.0,0.0,33.0
D049,F18-34,57,10,1.26,0.0,0.0,57.0
D050,M25-54,58,9,1.05,0.0,0.0,58.0
D052,F18-34,38,6,1.25,0.0,0.0,38.0
D054,F18-34,31,6,0.97,0.0,0.0,31.0
D055,P25-54,52,9,1.41,0.0,0.0,52.0
D056,M25-54,33,4,1.27,0.0,0.0,33.0
D057,F18-34,64,8,1.24,0.0,0.0,64.0
D058,M25-54,53,7,1.06,0.0,0.0,53.0
D060,F18-34,39,6,1.18,0.0,0.0,39.0
D062,F18-34,28,4,1.03,0.0,0.0,28.0
D063,P25-54,54,8,1.44,0.0,0.0,54.0
D064,M25-54,38,5,1.35,0.0,0.0,38.0
D065,F18-34,54,9,1.27,0.0,0.0,54.0
D066,M25-54,51,9,1.05,0.0,0.0,51.0
D068,F18-34,39,6,1.2,0.0,0.0,39.0
D070,F18-34,28,4,0.99,0.0,0.0,28.0
D039,P25-54,53,9,1.34,0.0,0.0,53.0
D036,F18-34,39,7,1.23,0.0,0.0,39.0
D073,F18-34,57,10,1.27,0.0,0.0,57.0
D034,M25-54,55,7,1.08,0.0,0.0,55.0
D4,F18-34,40,7,1.2,0.0,0.0,40.0
D6,F18-34,30,5,1.0,0.0,0.0,30.0
D7,P25-54,50,8,1.4,0.0,0.0,50.0
D8,M25-54,35,5,1.3,0.0,0.0,35.0
D009,F18-34,55,11,1.29,0.0,0.0,55.0
D010,M25-54,57,10,1.1,0.0,0.0,57.0
D012,F18-34,40,8,1.24,0.0,0.0,40.0
D014,F18-34,32,4,1.0,0.0,0.0,32.0
D015,P25-54,54,6,1.41,0.0,0.0,54.0
D016,M25-54,38,4,1.31,0.0,0.0,38.0
D017,F18-34,65,9,1.3,0.0,0.0,65.0
D018,M25-54,58,9,1.1,0.0,0.0,58.0
D020,F18-34,40,7,1.24,0.0,0.0,40.0
D022,F18-34,29,5,0.99,0.0,0.0,29.0
D023,P25-54,52,8,1.39,0.0,0.0,52.0
D024,M25-54,37,5,1.35,0.0,0.0,37.0
D025,F18-34,56,11,1.29,0.0,0.0,56.0
D026,M25-54,54,8,1.1,0.0,0.0,54.0
D028,F18-34,42,7,1.22,0.0,0.0,42.0
D029,M25-54,49,6,1.43,0.0,0.0,49.0
D030,F18-34,29,5,0.97,0.0,0.0,29.0
D032,M25-54,35,6,1.25,0.0,0.0,35.0
D033,F18-34,58,10,1.33,0.0,0.0,58.0
D072,M25-54,37,4,1.28,0.0,0.0,37.0
D074,M25-54,55,9,1.09,0.0,0.0,55.0
D142,F18-34,32,6,1.0,0.0,0.0,32.0
D110,F18-34,33,4,0.99,0.0,0.0,33.0
D112,M25-54,36,5,1.34,0.0,0.0,36.0
D113,F18-34,64,11,1.33,0.0,0.0,64.0
D114,M25-54,51,7,1.1,0.0,0.0,51.0
D116,F18-34,41,7,1.23,0.0,0.0,41.0
D117,M25-54,42,6,1.44,0.0,0.0,42.0
D118,F18-34,28,6,0.98,0.0,0.0,28.0
D119,P25-54,54,8,1.34,0.0,0.0,54.0
D120,M25-54,37,4,1.34,0.0,0.0,37.0
D121,F18-34,54,11,1.26,0.0,0.0,54.0
D122,M25-54,53,9,1.1,0.0,0.0,53.0
D124,F18-34,43,8,1.16,0.0,0.0,43.0
D126,F18-34,27,5,1.03,0.0,0.0,27.0
D127,P25-54,52,7,1.45,0.0,0.0,52.0
D128,M25-54,33,6,1.3,0.0,0.0,33.0
D129,F18-34,56,11,1.34,0.0,0.0,56.0
D130,M25-54,57,9,1.07,0.0,0.0,57.0
D132,F18-34,39,7,1.2,0.0,0.0,39.0
D134,F18-34,29,5,1.04,0.0,0.0,29.0
D135,P25-54,47,8,1.42,0.0,0.0,47.0
D136,M25-54,33,5,1.36,0.0,0.0,33.0
D137,F18-34,58,11,1.34,0.0,0.0,58.0
D138,M25-54,53,10,1.11,0.0,0.0,53.0
D140,F18-34,42,6,1.25,0.0,0.0,42.0
D111,P25-54,50,9,1.45,0.0,0.0,50.0
D109,M25-54,49,6,1.43,0.0,0.0,49.0
D076,F18-34,36,8,1.25,0.0,0.0,36.0
D108,F18-34,37,6,1.23,0.0,0.0,37.0
D078,F18-34,31,5,0.96,0.0,0.0,31.0
D079,P25-54,55,9,1.39,0.0,0.0,55.0
D080,M25-54,36,4,1.36,0.0,0.0,36.0
D081,F18-34,64,11,1.33,0.0,0.0,64.0
D082,M25-54,52,7,1.07,0.0,0.0,52.0
D084,F18-34,40,7,1.15,0.0,0.0,40.0
D086,F18-34,28,6,0.96,0.0,0.0,28.0
D087,P25-54,53,8,1.37,0.0,0.0,53.0
D088,M25-54,35,5,1.27,0.0,0.0,35.0
D089,F18-34,64,10,1.35,0.0,0.0,64.0
D090,M25-54,59,7,1.12,0.0,0.0,59.0
D092,F18-34,40,8,1.15,0.0,0.0,40.0
D093,M25-54,46,6,1.43,0.0,0.0,46.0
D094,F18-34,32,5,1.04,0.0,0.0,32.0
D096,M25-54,32,4,1.33,0.0,0.0,32.0
D097,F18-34,58,9,1.35,0.0,0.0,58.0
D098,M25-54,53,9,1.12,0.0,0.0,53.0
D100,F18-34,44,7,1.16,0.0,0.0,44.0
D101,M25-54,43,7,1.45,0.0,0.0,43.0
D102,F18-34,32,4,1.05,0.0,0.0,32.0
D104,M25-54,34,5,1.3,0.0,0.0,34.0
D105,F18-34,55,8,1.25,0.0,0.0,55.0
D106,M25-54,51,7,1.05,0.0,0.0,51.0
D284,F18-34,39,8,1.19,0.0,0.0,39.0
D287,P25-54,53,7,1.4,0.0,0.0,53.0
D568,M25-54,33,6,1.31,0.0,0.0,33.0
D465,F18-34,59,11,1.29,0.0,0.0,59.0
D468,F18-34,39,6,1.22,0.0,0.0,39.0
D470,F18-34,30,5,0.98,0.0,0.0,30.0
D471,P25-54,50,7,1.36,0.0,0.0,50.0
D472,M25-54,35,6,1.29,0.0,0.0,35.0
D473,F18-34,61,12,1.34,0.0,0.0,61.0
D474,M25-54,57,8,1.11,0.0,0.0,57.0
D476,F18-34,37,7,1.21,0.0,0.0,37.0
D478,F18-34,30,4,1.04,0.0,0.0,30.0
D479,P25-54,46,7,1.4,0.0,0.0,46.0
D480,M25-54,35,5,1.36,0.0,0.0,35.0
D481,F18-34,54,11,1.29,0.0,0.0,54.0
D482,M25-54,58,9,1.13,0.0,0.0,58.0
D484,F18-34,40,8,1.23,0.0,0.0,40.0
D485,M25-54,49,6,1.43,0.0,0.0,49.0
D486,F18-34,31,5,1.02,0.0,0.0,31.0
D487,P25-54,45,8,1.42,0.0,0.0,45.0
D488,M25-54,32,5,1.25,0.0,0.0,32.0
D489,F18-34,65,11,1.32,0.0,0.0,65.0
D490,M25-54,55,10,1.07,0.0,0.0,55.0
D492,F18-34,38,6,1.25,0.0,0.0,38.0
D494,F18-34,31,5,1.05,0.0,0.0,31.0
D495,P25-54,47,10,1.38,0.0,0.0,47.0
D496,M25-54,32,6,1.25,0.0,0.0,32.0
D466,M25-54,58,8,1.05,0.0,0.0,58.0
D464,M25-54,38,5,1.3,0.0,0.0,38.0
D498,M25-54,57,8,1.12,0.0,0.0,57.0
D463,P25-54,54,7,1.35,0.0,0.0,54.0
D432,M25-54,37,4,1.26,0.0,0.0,37.0
D433,F18-34,57,11,1.3,0.0,0.0,57.0
D434,M25-54,59,7,1.05,0.0,0.0,59.0
D436,F18-34,41,6,1.17,0.0,0.0,41.0
D438,F18-34,27,4,1.01,0.0,0.0,27.0
D439,P25-54,46,10,1.39,0.0,0.0,46.0
D440,M25-54,32,4,1.31,0.0,0.0,32.0
D441,F18-34,64,9,1.29,0.0,0.0,64.0
D442,M25-54,56,8,1.12,0.0,0.0,56.0
D444,F18-34,43,7,1.26,0.0,0.0,43.0
D446,F18-34,30,5,0.96,0.0,0.0,30.0
D447,P25-54,53,9,1.41,0.0,0.0,53.0
D448,M25-54,36,4,1.35,0.0,0.0,36.0
D449,F18-34,60,10,1.26,0.0,0.0,60.0
D450,M25-54,56,7,1.13,0.0,0.0,56.0
D452,F18-34,39,8,1.14,0.0,0.0,39.0
D454,F18-34,29,4,1.0,0.0,0.0,29.0
D455,P25-54,48,7,1.42,0.0,0.0,48.0
D456,M25-54,33,6,1.27,0.0,0.0,33.0
D457,F18-34,66,9,1.36,0.0,0.0,66.0
D458,M25-54,50,6,1.06,0.0,0.0,50.0
D460,F18-34,41,6,1.2,0.0,0.0,41.0
D462,F18-34,29,5,1.02,0.0,0.0,29.0
D497,F18-34,60,11,1.27,0.0,0.0,60.0
D500,F18-34,37,8,1.25,0.0,0.0,37.0
D430,F18-34,33,6,1.03,0.0,0.0,33.0
D535,P25-54,51,9,1.34,0.0,0.0,51.0
D537,F18-34,57,12,1.36,0.0,0.0,57.0
D538,M25-54,50,9,1.09,0.0,0.0,50.0
D540,F18-34,36,8,1.19,0.0,0.0,36.0
D542,F18-34,30,5,1.01,0.0,0.0,30.0
D543,P25-54,49,9,1.37,0.0,0.0,49.0
D544,M25-54,32,4,1.26,0.0,0.0,32.0
D545,F18-34,55,12,1.32,0.0,0.0,55.0
D546,M25-54,56,9,1.11,0.0,0.0,56.0
D548,F18-34,41,8,1.17,0.0,0.0,41.0
D550,F18-34,30,6,1.05,0.0,0.0,30.0
D551,P25-54,51,6,1.37,0.0,0.0,51.0
D552,M25-54,36,6,1.25,0.0,0.0,36.0
D553,F18-34,64,12,1.25,0.0,0.0,64.0
D554,M25-54,59,8,1.14,0.0,0.0,59.0
D556,F18-34,42,7,1.19,0.0,0.0,42.0
D558,F18-34,28,5,1.01,0.0,0.0,28.0
D559,P25-54,47,8,1.42,0.0,0.0,47.0
D560,M25-54,34,6,1.3,0.0,0.0,34.0
D561,F18-34,58,11,1.31,0.0,0.0,58.0
D562,M25-54,54,7,1.15,0.0,0.0,54.0
D564,F18-34,43,6,1.15,0.0,0.0,43.0
D566,F18-34,33,5,1.04,0.0,0.0,33.0
D567,P25-54,45,9,1.45,0.0,0.0,45.0
D536,M25-54,33,5,1.35,0.0,0.0,33.0
D534,F18-34,30,4,1.01,0.0,0.0,30.0
D2,M25-54,55,8,1.1,0.0,0.0,55.0
D532,F18-34,42,6,1.24,0.0,0.0,42.0
D502,F18-34,28,5,1.05,0.0,0.0,28.0
D503,P25-54,53,7,1.39,0.0,0.0,53.0
D504,M25-54,35,5,1.29,0.0,0.0,35.0
D505,F18-34,55,8,1.27,0.0,0.0,55.0
D506,M25-54,54,8,1.15,0.0,0.0,54.0
D508,F18-34,43,6,1.22,0.0,0.0,43.0
D510,F18-34,31,5,1.0,0.0,0.0,31.0
D511,P25-54,47,8,1.37,0.0,0.0,47.0
D512,M25-54,36,5,1.31,0.0,0.0,36.0
D513,F18-34,60,11,1.36,0.0,0.0,60.0
D514,M25-54,55,8,1.11,0.0,0.0,55.0
D516,F18-34,40,6,1.22,0.0,0.0,40.0
D518,F18-34,28,4,0.97,0.0,0.0,28.0
D519,P25-54,51,7,1.34,0.0,0.0,51.0
D520,M25-54,38,5,1.24,0.0,0.0,38.0
D521,F18-34,60,11,1.29,0.0,0.0,60.0
D522,M25-54,51,8,1.05,0.0,0.0,51.0
D524,F18-34,41,8,1.22,0.0,0.0,41.0
D526,F18-34,27,6,1.0,0.0,0.0,27.0
D527,P25-54,48,9,1.36,0.0,0.0,48.0
D528,M25-54,35,5,1.25,0.0,0.0,35.0
D529,F18-34,64,11,1.26,0.0,0.0,64.0
D530,M25-54,54,7,1.15,0.0,0.0,54.0
D431,P25-54,46,7,1.36,0.0,0.0,46.0
D428,F18-34,38,7,1.21,0.0,0.0,38.0
D288,M25-54,38,5,1.36,0.0,0.0,38.0
D322,M25-54,51,8,1.15,0.0,0.0,51.0
D326,F18-34,29,6,1.03,0.0,0.0,29.0
D327,P25-54,50,9,1.35,0.0,0.0,50.0
D328,M25-54,34,6,1.26,0.0,0.0,34.0
D329,F18-34,66,11,1.32,0.0,0.0,66.0
D330,M25-54,54,7,1.08,0.0,0.0,54.0
D332,F18-34,38,8,1.24,0.0,0.0,38.0
D334,F18-34,27,4,1.02,0.0,0.0,27.0
D335,P25-54,50,9,1.37,0.0,0.0,50.0
D336,M25-54,34,6,1.36,0.0,0.0,34.0
D337,F18-34,55,11,1.31,0.0,0.0,55.0
D338,M25-54,50,8,1.08,0.0,0.0,50.0
D340,F18-34,36,8,1.14,0.0,0.0,36.0
D342,F18-34,27,4,1.0,0.0,0.0,27.0
D343,P25-54,49,9,1.37,0.0,0.0,49.0
D344,M25-54,34,4,1.3,0.0,0.0,34.0
D345,F18-34,65,9,1.34,0.0,0.0,65.0
D346,M25-54,51,9,1.1,0.0,0.0,51.0
D348,F18-34,37,6,1.17,0.0,0.0,37.0
D350,F18-34,29,4,1.01,0.0,0.0,29.0
D351,P25-54,51,7,1.41,0.0,0.0,51.0
D352,M25-54,38,4,1.28,0.0,0.0,38.0
D353,F18-34,64,9,1.25,0.0,0.0,64.0
D354,M25-54,51,9,1.06,0.0,0.0,51.0
D324,F18-34,42,7,1.19,0.0,0.0,42.0
D321,F18-34,62,11,1.27,0.0,0.0,62.0
D358,F18-34,30,4,0.96,0.0,0.0,30.0
D320,M25-54,37,4,1.24,0.0,0.0,37.0
D289,F18-34,64,10,1.32,0.0,0.0,64.0
D290,M25-54,50,8,1.13,0.0,0.0,50.0
D292,F18-34,37,6,1.24,0.0,0.0,37.0
D294,F18-34,29,5,1.02,0.0,0.0,29.0
D295,P25-54,47,8,1.42,0.0,0.0,47.0
D296,M25-54,38,5,1.29,0.0,0.0,38.0
D297,F18-34,61,9,1.31,0.0,0.0,61.0
D298,M25-54,60,7,1.1,0.0,0.0,60.0
D300,F18-34,40,6,1.18,0.0,0.0,40.0
D302,F18-34,30,6,0.96,0.0,0.0,30.0
D303,P25-54,55,8,1.38,0.0,0.0,55.0
D304,M25-54,37,5,1.25,0.0,0.0,37.0
D305,F18-34,57,11,1.25,0.0,0.0,57.0
D306,M25-54,54,7,1.11,0.0,0.0,54.0
D308,F18-34,39,7,1.21,0.0,0.0,39.0
D310,F18-34,32,6,0.99,0.0,0.0,32.0
D311,P25-54,53,8,1.36,0.0,0.0,53.0
D312,M25-54,34,5,1.31,0.0,0.0,34.0
D313,F18-34,64,11,1.26,0.0,0.0,64.0
D314,M25-54,54,9,1.1,0.0,0.0,54.0
D316,F18-34,38,7,1.18,0.0,0.0,38.0
D318,F18-34,29,4,1.0,0.0,0.0,29.0
D319,P25-54,49,8,1.36,0.0,0.0,49.0
D356,F18-34,42,7,1.25,0.0,0.0,42.0
D359,P25-54,55,7,1.4,0.0,0.0,55.0
D426,M25-54,59,8,1.11,0.0,0.0,59.0
D394,M25-54,57,9,1.15,0.0,0.0,57.0
D397,M25-54,42,7,1.43,0.0,0.0,42.0
D398,F18-34,28,5,1.01,0.0,0.0,28.0
D399,P25-54,49,9,1.36,0.0,0.0,49.0
D400,M25-54,33,5,1.25,0.0,0.0,33.0
D401,F18-34,62,12,1.34,0.0,0.0,62.0
D402,M25-54,59,7,1.09,0.0,0.0,59.0
D404,F18-34,41,6,1.17,0.0,0.0,41.0
D406,F18-34,33,4,1.03,0.0,0.0,33.0
D407,P25-54,50,7,1.42,0.0,0.0,50.0
D408,M25-54,36,5,1.33,0.0,0.0,36.0
D409,F18-34,62,11,1.28,0.0,0.0,62.0
D410,M25-54,60,8,1.07,0.0,0.0,60.0
D412,F18-34,42,8,1.18,0.0,0.0,42.0
D414,F18-34,31,5,1.03,0.0,0.0,31.0
D415,P25-54,53,9,1.44,0.0,0.0,53.0
D416,M25-54,36,5,1.35,0.0,0.0,36.0
D417,F18-34,57,11,1.34,0.0,0.0,57.0
D418,M25-54,58,7,1.08,0.0,0.0,58.0
D420,F18-34,40,8,1.24,0.0,0.0,40.0
D422,F18-34,27,4,0.96,0.0,0.0,27.0
D423,P25-54,52,9,1.39,0.0,0.0,52.0
D424,M25-54,38,4,1.26,0.0,0.0,38.0
D425,F18-34,61,10,1.25,0.0,0.0,61.0
D396,F18-34,36,7,1.16,0.0,0.0,36.0
D393,F18-34,61,9,1.32,0.0,0.0,61.0
D360,M25-54,38,5,1.28,0.0,0.0,38.0
D392,M25-54,37,5,1.35,0.0,0.0,37.0
D361,F18-34,61,8,1.24,0.0,0.0,61.0
D362,M25-54,56,8,1.05,0.0,0.0,56.0
D364,F18-34,40,6,1.24,0.0,0.0,40.0
D365,M25-54,42,7,1.45,0.0,0.0,42.0
D366,F18-34,33,6,1.0,0.0,0.0,33.0
D367,P25-54,49,8,1.42,0.0,0.0,49.0
D368,M25-54,35,5,1.25,0.0,0.0,35.0
D369,F18-34,59,11,1.29,0.0,0.0,59.0
D370,M25-54,60,8,1.08,0.0,0.0,60.0
D372,F18-34,41,8,1.17,0.0,0.0,41.0
D374,F18-34,29,6,1.04,0.0,0.0,29.0
D376,M25-54,32,4,1.3,0.0,0.0,32.0
D377,F18-34,61,8,1.26,0.0,0.0,61.0
D378,M25-54,50,7,1.07,0.0,0.0,50.0
D380,F18-34,37,8,1.19,0.0,0.0,37.0
D382,F18-34,29,4,1.02,0.0,0.0,29.0
D383,P25-54,53,9,1.43,0.0,0.0,53.0
D384,M25-54,36,5,1.27,0.0,0.0,36.0
D385,F18-34,55,11,1.31,0.0,0.0,55.0
D386,M25-54,53,7,1.08,0.0,0.0,53.0
D388,F18-34,39,7,1.22,0.0,0.0,39.0
D390,F18-34,32,4,0.97,0.0,0.0,32.0
D391,P25-54,49,7,1.44,0.0,0.0,49.0
D1000,M25-54,33,4,1.29,0.0,0.0,33.0
